<nodeDefs>
    <nodeDef id="controller" nls="ctl">
        <editors />
        <sts>
            <st id="ST" editor="bool" />
        </sts>
        <cmds>
            <sends />
            <accepts>
            </accepts>
        </cmds>
    </nodeDef>
    <nodeDef id="AURORA" nls="MGR">
        <editors />
        <sts>
            <st id="ST" editor="MONOFF" />
            <st id="GV3" editor="MCLBRI" /> <!-- Brightness -->
            <st id="GV4" editor="MEFFECT" />
        </sts>
        <cmds>
            <sends />
            <accepts>
                <cmd id="QUERY" />
                <cmd id="DON" />
                <cmd id="DOF" />
                <cmd id="SET_PROFILE" />
                <cmd id="SET_BRI">
                    <p id="" editor="MCLBRI" init="GV3" />
                </cmd>
                <cmd id="SET_EFFECT">
                    <p id="" editor="MEFFECT" />
                </cmd>
            </accepts>
        </cmds>
    </nodeDef>
</nodeDefs>
